{
  "w05_audit": {
    "k=10.457": {
      "seed0": -0.1960151646301376,
      "seed1": -0.19681423444859825,
      "seed2": -0.19595911436811145,
      "dd": -0.12270394989936062,
      "cagr": 0.16548458155130774
    },
    "k=10.671": {
      "seed0": -0.19386630486380632,
      "seed1": -0.1981798894685707,
      "seed2": -0.19681575141005786,
      "dd": -0.1251626916067009,
      "cagr": 0.1727355831027657
    },
    "k=10.884": {
      "seed0": -0.20123955069462032,
      "seed1": -0.20463451434734325,
      "seed2": -0.2011214238614129,
      "dd": -0.12761960547868134,
      "cagr": 0.17438982879042064
    }
  },
  "oos_robust_is": {
    "champ mp11": {
      "k_is_rob": 7.9514794921875,
      "oos_cagr": 0.19482001234530166,
      "oos_dd": -0.11107754755671417,
      "oos_p95": -0.1821342825634642
    },
    "cushion mp15 g0.05 w0.5": {
      "k_is_rob": 11.144504699707028,
      "oos_cagr": 0.22022402728001578,
      "oos_dd": -0.1130343929794283,
      "oos_p95": -0.18331662937124074
    },
    "cushion mp15 g0.05 w1.0": {
      "k_is_rob": 10.317171020507814,
      "oos_cagr": 0.2177521423226645,
      "oos_dd": -0.10706527358347095,
      "oos_p95": -0.1690141066231875
    },
    "cushion mp15 g0.05 w1.0 +usd th0.35 g0.5": {
      "k_is_rob": 10.934806213378906,
      "oos_cagr": 0.23420482077609872,
      "oos_dd": -0.1121461570675868,
      "oos_p95": -0.1733823241326661
    }
  }
}