{
  "repro": {
    "P2.0": {
      "label": "P=2.0 mp11",
      "emp_k": 11.509042506217956,
      "emp_cagr": 0.23825241009636122,
      "emp_dd": -0.19999998624451454,
      "emp_p95": -0.29354877208740837,
      "emp_p99": -0.3435432884352622,
      "rob_cagr_mean": 0.1498343650228319,
      "rob_k_mean": 7.459013163248698,
      "rob": {
        "0": {
          "k": 7.567926330566406,
          "cagr": 0.15214395101724398
        },
        "1": {
          "k": 7.308485412597655,
          "cagr": 0.1466438811262465
        },
        "2": {
          "k": 7.5006277465820315,
          "cagr": 0.15071526292500526
        }
      },
      "exp37_ref": 0.1498,
      "diff_pp": 0.003436502283191145,
      "match": true
    },
    "P3.0": {
      "label": "P=3.0 mp11",
      "emp_k": 11.936714644432067,
      "emp_cagr": 0.2622931883381592,
      "emp_dd": -0.19999994122189824,
      "emp_p95": -0.2941191278102891,
      "emp_p99": -0.3497296603589114,
      "rob_cagr_mean": 0.1636385669953905,
      "rob_k_mean": 7.700654093424479,
      "rob": {
        "0": {
          "k": 7.868819274902345,
          "cagr": 0.16743279688063595
        },
        "1": {
          "k": 7.573778381347655,
          "cagr": 0.16077774249345045
        },
        "2": {
          "k": 7.6593646240234365,
          "cagr": 0.16270516161208515
        }
      },
      "exp37_ref": 0.1636,
      "diff_pp": 0.0038566995390509895,
      "match": true
    },
    "P4.0": {
      "label": "P=4.0 mp11",
      "emp_k": 12.15070692062378,
      "emp_cagr": 0.2762786423418704,
      "emp_dd": -0.19999995467916243,
      "emp_p95": -0.2923197771995184,
      "emp_p99": -0.3462193978313652,
      "rob_cagr_mean": 0.17205681453881896,
      "rob_k_mean": 7.8363891601562505,
      "rob": {
        "0": {
          "k": 8.010975341796875,
          "cagr": 0.17613692975723905
        },
        "1": {
          "k": 7.814931640625,
          "cagr": 0.17155238791918492
        },
        "2": {
          "k": 7.683260498046875,
          "cagr": 0.16848112594003295
        }
      },
      "exp37_ref": 0.1721,
      "diff_pp": -0.004318546118103894,
      "match": true
    },
    "P5.0": {
      "label": "P=5.0 mp11",
      "emp_k": 12.116204204559324,
      "emp_cagr": 0.281094886960243,
      "emp_dd": -0.19999996623864613,
      "emp_p95": -0.28859045154420127,
      "emp_p99": -0.3407592614982218,
      "rob_cagr_mean": 0.17643876734340166,
      "rob_k_mean": 7.875971781412761,
      "rob": {
        "0": {
          "k": 8.084857482910156,
          "cagr": 0.18142675385900198
        },
        "1": {
          "k": 7.8680877685546875,
          "cagr": 0.176245288400235
        },
        "2": {
          "k": 7.674970092773437,
          "cagr": 0.17164425977096798
        }
      },
      "exp37_ref": 0.1764,
      "diff_pp": 0.0038767343401663323,
      "match": true
    }
  },
  "is_selection": {
    "P2.0": {
      "k_is": 7.9202685546875,
      "is_cagr": 0.1337895228910322,
      "is_dd": -0.12714368885577232,
      "oos_cagr": 0.19481746083879736,
      "oos_dd": -0.11107623721905457,
      "oos_p95": -0.18213219508599798
    },
    "P2.5": {
      "k_is": 8.097049255371093,
      "is_cagr": 0.1409434522721862,
      "is_dd": -0.12639198416669328,
      "oos_cagr": 0.20589518640868154,
      "oos_dd": -0.11208799822946203,
      "oos_p95": -0.18328159521225035
    },
    "P3.0": {
      "k_is": 8.239449157714844,
      "is_cagr": 0.1474299215308077,
      "is_dd": -0.1246600649755013,
      "oos_cagr": 0.21505035671237605,
      "oos_dd": -0.10978894482230583,
      "oos_p95": -0.1798355854715909
    },
    "P3.5": {
      "k_is": 8.300895690917965,
      "is_cagr": 0.1506499970101376,
      "is_dd": -0.12429144814726512,
      "oos_cagr": 0.22193469818467393,
      "oos_dd": -0.1074646755106794,
      "oos_p95": -0.17946030637280855
    },
    "P4.0": {
      "k_is": 8.217747802734374,
      "is_cagr": 0.15022611940813468,
      "is_dd": -0.12741784815293367,
      "oos_cagr": 0.22483988320776138,
      "oos_dd": -0.10451113129566059,
      "oos_p95": -0.17423745158078593
    },
    "P4.5": {
      "k_is": 8.165810852050779,
      "is_cagr": 0.14962238956343277,
      "is_dd": -0.1315234083190152,
      "oos_cagr": 0.2280168667892597,
      "oos_dd": -0.1022826842790946,
      "oos_p95": -0.169595990133171
    },
    "P5.0": {
      "k_is": 8.119482116699217,
      "is_cagr": 0.1480774898765842,
      "is_dd": -0.1363805285295433,
      "oos_cagr": 0.23140148897893664,
      "oos_dd": -0.10042570722632294,
      "oos_p95": -0.16708284469607526
    },
    "P_IS_argmax": "P3.5"
  },
  "extra_seeds": {
    "P2.0_s3": {
      "k": 7.731539916992187,
      "cagr": 0.15562310558738268
    },
    "P2.0_s4": {
      "k": 7.320921020507812,
      "cagr": 0.14690704259376086
    },
    "P4.0_s3": {
      "k": 8.180928649902341,
      "cagr": 0.18012275620644824
    },
    "P4.0_s4": {
      "k": 7.906369934082031,
      "cagr": 0.17368894626864861
    }
  },
  "concentration": {
    "P2.0": {
      "k_mean": 7.459013163248698,
      "cagr": 0.14983251659663566,
      "dd": -0.1313301240024286,
      "max_single_lev": 1.9159131883681189,
      "p99_single_lev": 1.575117262969449,
      "med_single_lev": 0.6131987816481193,
      "top10_share_net": 0.14578990583418366,
      "top10_share_gross": 0.06661870447407807,
      "max_gross_exposure": 8.662032576407864,
      "n_z_gt_2.5_per_year": 21.708915365653247,
      "n_taken": 1212,
      "skipped": 2
    },
    "P4.0": {
      "k_mean": 7.8363891601562505,
      "cagr": 0.17205349171457018,
      "dd": -0.1311254705354331,
      "max_single_lev": 1.8543838478337773,
      "p99_single_lev": 1.7700901974434755,
      "med_single_lev": 0.5716883977950726,
      "top10_share_net": 0.17395242535191807,
      "top10_share_gross": 0.08383588482952735,
      "max_gross_exposure": 9.236968377050275,
      "n_z_gt_2.5_per_year": 21.708915365653247,
      "n_taken": 1212,
      "skipped": 2
    }
  },
  "yearly": {
    "2016": {
      "P2": 0.11954255456685758,
      "P4": 0.13537329304393286,
      "diff_pp": 1.583073847707528
    },
    "2017": {
      "P2": 0.1778747842696251,
      "P4": 0.19571695773134623,
      "diff_pp": 1.7842173461721123
    },
    "2018": {
      "P2": 0.09217843343846877,
      "P4": 0.09622376862134985,
      "diff_pp": 0.40453351828810824
    },
    "2019": {
      "P2": 0.14338710179877978,
      "P4": 0.17986804625852204,
      "diff_pp": 3.648094445974226
    },
    "2020": {
      "P2": 0.12480340599794104,
      "P4": 0.15517473887669508,
      "diff_pp": 3.0371332878754043
    },
    "2021": {
      "P2": 0.04126230363315919,
      "P4": 0.03142455116581955,
      "diff_pp": -0.9837752467339644
    },
    "2022": {
      "P2": 0.20134726790310187,
      "P4": 0.2803979733454527,
      "diff_pp": 7.905070544235082
    },
    "2023": {
      "P2": 0.16407831713223864,
      "P4": 0.20796316660359215,
      "diff_pp": 4.3884849471353515
    },
    "2024": {
      "P2": 0.1778174340968004,
      "P4": 0.19836714082996387,
      "diff_pp": 2.0549706733163475
    },
    "2025": {
      "P2": 0.1917824218300037,
      "P4": 0.18563252252390527,
      "diff_pp": -0.6149899306098439
    },
    "2026": {
      "P2": 0.06636957218752948,
      "P4": 0.06332897473391896,
      "diff_pp": -0.3040597453610516
    }
  },
  "block_sens": {
    "P2.0_b21": {
      "k": 6.692313232421875,
      "cagr": 0.13366358389278643
    },
    "P2.0_b126": {
      "k": 8.34527374267578,
      "cagr": 0.16874704560121567
    },
    "P4.0_b21": {
      "k": 7.218753967285155,
      "cagr": 0.15769702596826218
    },
    "P4.0_b126": {
      "k": 8.973150024414064,
      "cagr": 0.198842696567757
    },
    "P2.0_b63": {
      "k": 7.567926330566406,
      "cagr": 0.15214395101724398
    },
    "P4.0_b63": {
      "k": 8.010975341796875,
      "cagr": 0.17613692975723905
    }
  },