{
  "baseline_mp11": {
    "label": "baseline_mp11",
    "emp_k": 11.509042506217956,
    "emp_cagr": 0.23825241009595777,
    "emp_dd": -0.1999999862442139,
    "emp_p95": -0.29354877208699875,
    "emp_p99": -0.3435432884348046,
    "rob_cagr_mean": 0.14983436502321337,
    "rob_k_mean": 7.567926330566406,
    "worst_year": 0.062487780296052176,
    "k_is": 12.645932908058164,
    "oos_emp_cagr": 0.32496681190703436,
    "oos_emp_dd": -0.17388395852578686,
    "notes": "\u57fa\u6e96",
    "mean3": true,
    "rob": {
      "0": {
        "k": 7.567926330566406,
        "cagr": 0.1521439510179574
      },
      "1": {
        "k": 7.308485412597655,
        "cagr": 0.14664388112629623
      },
      "2": {
        "k": 7.5006277465820315,
        "cagr": 0.1507152629253865
      }
    }
  },
  "lin_a0.5": {
    "label": "lin_a0.5",
    "emp_k": 12.05020480632782,
    "emp_cagr": 0.24837601651929386,
    "emp_dd": -0.19999996872699266,
    "emp_p95": -0.3012630549888966,
    "emp_p99": -0.3533129841093055,
    "rob_cagr_mean": 0.1536057160514379,
    "rob_k_mean": 7.695208435058593,
    "worst_year": 0.06414285026602351,
    "k_is": 14.002534289360046,
    "oos_emp_cagr": 0.3647020593061141,
    "oos_emp_dd": -0.19473050660072133,
    "notes": "\u7dda\u5f62\u30fb\u4f4eER\u5897\u3057(\u4eee\u8aac\u65b9\u5411)",
    "rob": {
      "0": {
        "k": 7.695208435058593,
        "cagr": 0.1536057160514379
      }
    }
  },
  "lin_a1.0": {
    "label": "lin_a1.0",
    "emp_k": 12.426164779663084,
    "emp_cagr": 0.25539957509010547,
    "emp_dd": -0.19999996822224153,
    "emp_p95": -0.3102415148000619,
    "emp_p99": -0.35905290629037184,
    "rob_cagr_mean": 0.15046364855871452,
    "rob_k_mean": 7.584263305664061,
    "worst_year": 0.06524909259043032,
    "k_is": 13.905205845832825,
    "oos_emp_cagr": 0.36165862686571293,
    "oos_emp_dd": -0.1958744239462693,
    "notes": "\u7dda\u5f62\u30fb\u4f4eER\u5897\u3057(\u4eee\u8aac\u65b9\u5411)",
    "rob": {
      "0": {
        "k": 7.584263305664061,
        "cagr": 0.15046364855871452
      }
    }
  },
  "lin_a1.5": {
    "label": "lin_a1.5",
    "emp_k": 12.702517971992492,
    "emp_cagr": 0.260556703637026,
    "emp_dd": -0.19999996869374193,
    "emp_p95": -0.3158496150987689,
    "emp_p99": -0.3665325267321284,
    "rob_cagr_mean": 0.1496725459635806,
    "rob_k_mean": 7.573534545898436,
    "worst_year": 0.06603920602266888,
    "k_is": 13.832135219573974,
    "oos_emp_cagr": 0.3593542202941975,
    "oos_emp_dd": -0.19668289586952714,
    "notes": "\u7dda\u5f62\u30fb\u4f4eER\u5897\u3057(\u4eee\u8aac\u65b9\u5411)",
    "rob": {
      "0": {
        "k": 7.573534545898436,
        "cagr": 0.1496725459635806
      }
    }
  },
  "cvx_q0.5": {
    "label": "cvx_q0.5",
    "emp_k": 12.651202039718628,
    "emp_cagr": 0.258859382754173,
    "emp_dd": -0.1999999669627317,
    "emp_p95": -0.3167689807105913,
    "emp_p99": -0.36552819974266754,
    "rob_cagr_mean": 0.14938674091476112,
    "rob_k_mean": 7.573778381347655,
    "worst_year": 0.06555496751904832,
    "k_is": 13.732798943519594,
    "oos_emp_cagr": 0.3555255964402293,
    "oos_emp_dd": -0.19734050927243407,
    "notes": "\u51f8\u30fb\u4f4eER\u5897\u3057",
    "rob": {
      "0": {
        "k": 7.573778381347655,
        "cagr": 0.14938674091476112
      }
    }
  },
  "cvx_q1.0": {
    "label": "cvx_q1.0",
    "emp_k": 13.479789185523988,
    "emp_cagr": 0.27472930959172626,
    "emp_dd": -0.19999997805655512,
    "emp_p95": -0.3333917541664285,
    "emp_p99": -0.38525380363739137,
    "rob_cagr_mean": 0.14723374730132788,
    "rob_k_mean": 7.534520874023436,
    "worst_year": 0.06735116397139063,
    "k_is": 13.678259811401366,
    "oos_emp_cagr": 0.3555576617052989,
    "oos_emp_dd": -0.20274229766165586,
    "notes": "\u51f8\u30fb\u4f4eER\u5897\u3057",
    "rob": {
      "0": {
        "k": 7.534520874023436,
        "cagr": 0.14723374730132788
      }
    }
  },
  "bin_er0.4_half": {
    "label": "bin_er0.4_half",
    "emp_k": 12.504531207084657,
    "emp_cagr": 0.2556872562844539,
    "emp_dd": -0.19999994893735495,
    "emp_p95": -0.31366130574910833,
    "emp_p99": -0.3702109341703145,
    "rob_cagr_mean": 0.15121750904448916,
    "rob_k_mean": 7.658145446777343,
    "worst_year": 0.060720538108091304,
    "k_is": 13.38080723285675,
    "oos_emp_cagr": 0.341064909329827,
    "oos_emp_dd": -0.19117179850615773,
    "notes": "\u4e8c\u5024\u9006(ER>0.4\u534a\u6e1b)",
    "rob": {
      "0": {
        "k": 7.658145446777343,
        "cagr": 0.15121750904448916
      }
    }
  },
  "rev_a0.5": {
    "label": "rev_a0.5",
    "emp_k": 10.986773643493652,
    "emp_cagr": 0.22844334719180037,
    "emp_dd": -0.1999999960508808,
    "emp_p95": -0.2876303399259321,
    "emp_p99": -0.33445898256368795,
    "rob_cagr_mean": 0.15000264582386724,
    "rob_k_mean": 7.409677124023436,
    "worst_year": 0.06080745383375863,
    "k_is": 11.45790564060211,
    "oos_emp_cagr": 0.2909516268723167,
    "oos_emp_dd": -0.16415255749983604,
    "notes": "\u9006\u7dda\u5f62\u30fb\u9ad8ER\u5897\u3057(\u8a3a\u65ad\u65b9\u5411=\u9078\u629e\u30ea\u30fc\u30af\u7591\u3044\u4f75\u8a18)",
    "rob": {
      "0": {
        "k": 7.409677124023436,
        "cagr": 0.15000264582386724
      }
    }
  },
  "rev_a1.0": {
    "label": "rev_a1.0",
    "emp_k": 10.650261673927307,
    "emp_cagr": 0.22210989149421145,
    "emp_dd": -0.19999998674928143,
    "emp_p95": -0.284389368747804,
    "emp_p99": -0.3297835886926684,
    "rob_cagr_mean": 0.1483759065813246,
    "rob_k_mean": 7.295562133789062,
    "worst_year": 0.0596851382318937,
    "k_is": 10.759800939559938,
    "oos_emp_cagr": 0.27130307191572345,
    "oos_emp_dd": -0.16009642560021142,
    "notes": "\u9006\u7dda\u5f62\u30fb\u9ad8ER\u5897\u3057(\u8a3a\u65ad\u65b9\u5411=\u9078\u629e\u30ea\u30fc\u30af\u7591\u3044\u4f75\u8a18)",
    "rob": {
      "0": {
        "k": 7.295562133789062,
        "cagr": 0.1483759065813246
      }
    }
  },
  "z_clip4.0": {
    "label": "z_clip4.0",
    "emp_k": 11.519744596481322,
    "emp_cagr": 0.23827593536262648,
    "emp_dd": -0.19999997504769662,
    "emp_p95": -0.29354875683691184,
    "emp_p99": -0.3445186827057369,
    "rob_cagr_mean": 0.15215537887103903,
    "rob_k_mean": 7.57475372314453,
    "worst_year": 0.062487776862556466,
    "k_is": 12.657694158554076,
    "oos_emp_cagr": 0.3249668480060215,
    "oos_emp_dd": -0.1738839749080504,
    "notes": "z\u5f62\u72b6\u9ad8\u539f\u78ba\u8a8d(CLIP_HI=4)",
    "rob": {
      "0": {
        "k": 7.57475372314453,
        "cagr": 0.15215537887103903
      }
    }
  },
  "z_p2.5": {
    "label": "z_p2.5",
    "emp_k": 11.74117004394531,
    "emp_cagr": 0.2509545487569791,
    "emp_dd": -0.19999994191372616,
    "emp_p95": -0.2949799015830835,
    "emp_p99": -0.3488674644171549,
    "rob_cagr_mean": 0.15746809153935906,
    "rob_k_mean": 7.747389221191407,
    "worst_year": 0.05716796709850369,
    "k_is": 13.01883731842041,
    "oos_emp_cagr": 0.34676931361685903,
    "oos_emp_dd": -0.17652282187521273,
    "notes": "z\u5f62\u72b6\u9ad8\u539f\u78ba\u8a8d(P=2.5)",
    "mean3": true,
    "rob": {
      "0": {
        "k": 7.747389221191407,
        "cagr": 0.1605756534173126
      },
      "1": {
        "k": 7.417723693847655,
        "cagr": 0.15335127335696175
      },
      "2": {
        "k": 7.651805725097654,
        "cagr": 0.15847734784380285
      }
    }
  }
}