{
  "mp8_emp": {
    "k": 7.978969089984893,
    "cagr": 0.2161805004581212,
    "dd": -0.19999998676591368,
    "p95": -0.2848384884887283,
    "sharpe": 1.2138850281582445,
    "pos_year": 1.0,
    "worst_year": 0.033984493574835684
  },
  "mp11_emp": {
    "k": 11.50904268503189,
    "cagr": 0.23825241411321607,
    "dd": -0.1999999892342259,
    "p95": -0.2935487761595122,
    "sharpe": 1.2475518725617702,
    "pos_year": 1.0,
    "worst_year": 0.06248778121296117
  },
  "mp12_emp": {
    "k": 12.0,
    "cagr": 0.22714098587486475,
    "dd": -0.19147375390949573,
    "p95": -0.2819209540351862,
    "sharpe": 1.2473719740044356,
    "pos_year": 1.0,
    "worst_year": 0.06828439096584638
  },
  "mp11_rob": {
    "k": 7.567915496826171,
    "cagr": 0.15214372091513706,
    "dd": -0.13320135730606664,
    "p95_cal": 0.1999990915116195,
    "p95_1500": -0.1994897777092835,
    "sharpe": 1.2429556679029174,
    "pos_year": 1.0,
    "worst_year": 0.04184467052755281
  },
  "mp12_rob": {
    "k": 8.285817947387697,
    "cagr": 0.1529131380872324,
    "dd": -0.13367225183057818,
    "p95_cal": 0.1999995554992326,
    "p95_1500": -0.19999301211409837,
    "sharpe": 1.2434009952388396,
    "pos_year": 1.0,
    "worst_year": 0.04765179992260693
  }
}