{
  "baseline_mp8": {
    "label": "baseline_mp8",
    "emp_k": 8.269261851310727,
    "emp_cagr": 0.24643242987359737,
    "emp_dd": -0.19999993655015524,
    "emp_p95": -0.2784085610965869,
    "emp_p99": -0.32983063809884233,
    "rob": {
      "0": {
        "k": 5.654061889648435,
        "cagr": 0.16396128193638093
      },
      "1": {
        "k": 5.657719421386718,
        "cagr": 0.16407363793458263
      },
      "2": {
        "k": 5.563842773437499,
        "cagr": 0.1611924587326048
      },
      "3": {
        "k": 5.7625686645507805,
        "cagr": 0.16729803780545582
      },
      "4": {
        "k": 5.652598876953124,
        "cagr": 0.1639163418630596
      }
    },
    "rob_cagr_mean": 0.16408835165441676,
    "rob_k_mean": 5.654061889648435,
    "worst_year_emp": 0.017887860939187483,
    "neg_years_emp": 0,
    "skew_emp": 3.000241552344982,
    "p1_emp": -0.011798300604172052,
    "worst_year_rob0": 0.013557703725104897,
    "neg_years_rob0": 0,
    "k_is_emp": 9.646433038711546,
    "is_emp_cagr": 0.2404593031989064,
    "oos_emp_cagr": 0.3594522727064273,
    "oos_emp_dd": -0.1650913704277166,
    "k_is_rob0": 5.953491821289061,
    "is_rob0_cagr": 0.14461113889932564,
    "oos_rob0_cagr": 0.21043323726324092,
    "oos_rob0_dd": -0.1041430052438953,
    "notes": "\u57fa\u6e96 f(z) P=4.0",
    "mean5": true
  },
  "pow_Q0.5_v0.4": {
    "label": "pow_Q0.5_v0.4",
    "emp_k": 6.412336797714232,
    "emp_cagr": 0.22011570849152506,
    "emp_dd": -0.19999999719218575,
    "emp_p95": -0.2766145160824087,
    "emp_p99": -0.3109851410145112,
    "rob": {
      "0": {
        "k": 4.446101074218749,
        "cagr": 0.14911318700549603
      }
    },
    "rob_cagr_mean": 0.14911318700549603,
    "rob_k_mean": 4.446101074218749,
    "worst_year_emp": 0.01634625733042472,
    "neg_years_emp": 0,
    "skew_emp": 3.612015402789137,
    "p1_emp": -0.010928035839473504,
    "worst_year_rob0": 0.012292455167860261,
    "neg_years_rob0": 0,
    "k_is_emp": 6.412336797714232,
    "is_emp_cagr": 0.18135424431530334,
    "oos_emp_cagr": 0.2710613195744018,
    "oos_emp_dd": -0.13314847421626308,
    "k_is_rob0": 4.412451782226562,
    "is_rob0_cagr": 0.12304055639585298,
    "oos_rob0_cagr": 0.1802544552241503,
    "oos_rob0_dd": -0.09293471778428486,
    "notes": "\u3079\u304d Q=0.5 v0=0.4"
  },
  "pow_Q0.5_v0.5": {
    "label": "pow_Q0.5_v0.5",
    "emp_k": 6.4281251430511475,
    "emp_cagr": 0.22006543521105026,
    "emp_dd": -0.19999989963613374,
    "emp_p95": -0.2771454043136425,
    "emp_p99": -0.3110213339329356,
    "rob": {
      "0": {
        "k": 4.435128479003906,
        "cagr": 0.14830960027816298
      }
    },
    "rob_cagr_mean": 0.14830960027816298,
    "rob_k_mean": 4.435128479003906,
    "worst_year_emp": 0.016563375432855798,
    "neg_years_emp": 0,
    "skew_emp": 3.61343422658038,
    "p1_emp": -0.01093217010521908,
    "worst_year_rob0": 0.012392069575237752,
    "neg_years_rob0": 0,
    "k_is_emp": 6.4281251430511475,
    "is_emp_cagr": 0.18142920000423657,
    "oos_emp_cagr": 0.27084137110939577,
    "oos_emp_dd": -0.13317111307388807,
    "k_is_rob0": 4.424887390136718,
    "is_rob0_cagr": 0.1231365742529893,
    "oos_rob0_cagr": 0.18018235812287697,
    "oos_rob0_dd": -0.09298274418010355,
    "notes": "\u3079\u304d Q=0.5 v0=0.5"
  },
  "pow_Q0.5_v0.6": {
    "label": "pow_Q0.5_v0.6",
    "emp_k": 6.4443287706375125,
    "emp_cagr": 0.22001373605553565,
    "emp_dd": -0.19999990788574806,
    "emp_p95": -0.2770971012539842,
    "emp_p99": -0.31101947700126703,
    "rob": {
      "0": {
        "k": 4.441712036132812,
        "cagr": 0.1481156263295107
      }
    },
    "rob_cagr_mean": 0.1481156263295107,
    "rob_k_mean": 4.441712036132812,
    "worst_year_emp": 0.01677325327688739,
    "neg_years_emp": 0,
    "skew_emp": 3.6141631313240965,
    "p1_emp": -0.010929660155097326,
    "worst_year_rob0": 0.012525625457748601,
    "neg_years_rob0": 0,
    "k_is_emp": 6.4443287706375125,
    "is_emp_cagr": 0.18143808098239989,
    "oos_emp_cagr": 0.2707076046847632,
    "oos_emp_dd": -0.13317649932762166,
    "k_is_rob0": 4.439273681640625,
    "is_rob0_cagr": 0.12323674550740193,
    "oos_rob0_cagr": 0.18023770321348942,
    "oos_rob0_dd": -0.09305219260796593,
    "notes": "\u3079\u304d Q=0.5 v0=0.6"
  },
  "pow_Q1.0_v0.4": {
    "label": "pow_Q1.0_v0.4",
    "emp_k": 4.664230933189391,
    "emp_cagr": 0.16997657610937855,
    "emp_dd": -0.19999993792495585,
    "emp_p95": -0.2594364312897159,
    "emp_p99": -0.2969385963351967,
    "rob": {
      "0": {
        "k": 3.454909973144531,
        "cagr": 0.12412056790507342
      }
    },
    "rob_cagr_mean": 0.12412056790507342,
    "rob_k_mean": 3.454909973144531,
    "worst_year_emp": 0.012272665528124671,
    "neg_years_emp": 0,
    "skew_emp": 4.476006861812591,
    "p1_emp": -0.008679710893427301,
    "worst_year_rob0": 0.009664711353747135,
    "neg_years_rob0": 0,
    "k_is_emp": 4.664230933189391,
    "is_emp_cagr": 0.14583430473549885,
    "oos_emp_cagr": 0.20134096698801107,
    "oos_emp_dd": -0.12357582952275215,
    "k_is_rob0": 3.399315490722656,
    "is_rob0_cagr": 0.10544351158318621,
    "oos_rob0_cagr": 0.14346702754491392,
    "oos_rob0_dd": -0.0901194267422083,
    "notes": "\u3079\u304d Q=1.0 v0=0.4"
  },
  "pow_Q1.0_v0.5": {
    "label": "pow_Q1.0_v0.5",
    "emp_k": 4.7345584106445315,
    "emp_cagr": 0.17088131231835346,
    "emp_dd": -0.1999999286847427,
    "emp_p95": -0.2600027005903777,
    "emp_p99": -0.2974002701892649,
    "rob": {
      "0": {
        "k": 3.5046524047851557,
        "cagr": 0.12468254450963068
      }
    },
    "rob_cagr_mean": 0.12468254450963068,
    "rob_k_mean": 3.5046524047851557,
    "worst_year_emp": 0.011227300277350638,
    "neg_years_emp": 0,
    "skew_emp": 4.461001776735148,
    "p1_emp": -0.008760175394801688,
    "worst_year_rob0": 0.008898888884854461,
    "neg_years_rob0": 0,
    "k_is_emp": 4.7345584106445315,
    "is_emp_cagr": 0.14711383187192184,
    "oos_emp_cagr": 0.20175176344140588,
    "oos_emp_dd": -0.1236528867938802,
    "k_is_rob0": 3.4400360107421877,
    "is_rob0_cagr": 0.10601598131533962,
    "oos_rob0_cagr": 0.14329270345190004,
    "oos_rob0_dd": -0.08990081812609163,
    "notes": "\u3079\u304d Q=1.0 v0=0.5"
  },
  "pow_Q1.0_v0.6": {
    "label": "pow_Q1.0_v0.6",
    "emp_k": 4.820327529907226,
    "emp_cagr": 0.17188108257476387,
    "emp_dd": -0.19999990178148697,
    "emp_p95": -0.26019937361005097,
    "emp_p99": -0.2983234218189703,
    "rob": {
      "0": {
        "k": 3.5570770263671863,
        "cagr": 0.12499418502862114
      }
    },
    "rob_cagr_mean": 0.12499418502862114,
    "rob_k_mean": 3.5570770263671863,
    "worst_year_emp": 0.010568753251195107,
    "neg_years_emp": 0,
    "skew_emp": 4.4388045251129205,
    "p1_emp": -0.008793458728403536,
    "worst_year_rob0": 0.008403989002413015,
    "neg_years_rob0": 0,
    "k_is_emp": 4.820327529907226,
    "is_emp_cagr": 0.14864798874807117,
    "oos_emp_cagr": 0.202047699580997,
    "oos_emp_dd": -0.12374691456035425,
    "k_is_rob0": 3.5068469238281246,
    "is_rob0_cagr": 0.10723594258947045,
    "oos_rob0_cagr": 0.14369977869548767,
    "oos_rob0_dd": -0.09008443971547009,
    "notes": "\u3079\u304d Q=1.0 v0=0.6"
  },
  "pow_Q2.0_v0.4": {
    "label": "pow_Q2.0_v0.4",
    "emp_k": 4.461329360008238,
    "emp_cagr": 0.17002590527304795,
    "emp_dd": -0.19999995147142358,
    "emp_p95": -0.2817608932673019,
    "emp_p99": -0.3309125932071724,
    "rob": {
      "0": {
        "k": 2.992110290527343,
        "cagr": 0.112137509003577
      }
    },
    "rob_cagr_mean": 0.112137509003577,
    "rob_k_mean": 2.992110290527343,
    "worst_year_emp": -0.008094320928640264,
    "neg_years_emp": 1,
    "skew_emp": 4.542982016557652,
    "p1_emp": -0.00954286158428117,
    "worst_year_rob0": -0.004471159136937186,
    "neg_years_rob0": 1,
    "k_is_emp": 4.461329360008238,
    "is_emp_cagr": 0.14454789156067416,