{
  "p_is_argmax": {
    "3.0": {
      "is_rob": 0.1467968755510689,
      "oos_rob": 0.22986364435586415,
      "k_is": 6.279743652343749
    },
    "3.5": {
      "is_rob": 0.15184596809564033,
      "oos_rob": 0.23983806812540864,
      "k_is": 6.405318908691406
    },
    "4.0": {
      "is_rob": 0.1553746471523325,
      "oos_rob": 0.24792161697528914,
      "k_is": 6.487735290527343
    },
    "4.5": {
      "is_rob": 0.15592034091141116,
      "oos_rob": 0.25188005259457236,
      "k_is": 6.469447631835937
    }
  },
  "argmax": 4.5,
  "results": {
    "base_d1": {
      "label": "base_d1",
      "emp_k": 8.895088391304014,
      "emp_cagr": 0.27499459104059665,
      "emp_dd": -0.1999999353323112,
      "emp_p95": -0.2728919538292521,
      "emp_p99": -0.3259856107569748,
      "rob": {
        "0": {
          "k": 6.083699951171874,
          "cagr": 0.18236130756298574
        },
        "1": {
          "k": 6.2570669555664065,
          "cagr": 0.1879165426408731
        },
        "2": {
          "k": 6.019571228027344,
          "cagr": 0.18031158599210362
        },
        "3": {
          "k": 6.370450439453125,
          "cagr": 0.19156076313641957
        },
        "4": {
          "k": 6.294617614746093,
          "cagr": 0.18912247711889707
        }
      },
      "rob_cagr_mean": 0.18625453529025582,
      "rob_k_mean": 6.205081237792969,
      "worst_year": 0.05208929763660097,
      "neg_years_emp": 0,
      "neg_years_rob0": 0,
      "is_rob_cagr": 0.1553746471523325,
      "oos_rob_cagr": 0.24792161697528914,
      "oos_rob_dd": -0.11496991713737492,
      "is_emp_cagr": 0.26772472860765495,
      "oos_emp_cagr": 0.44349335670884993,
      "oos_emp_dd": -0.18791525396302866
    },
    "h20decon": {
      "label": "h20decon",
      "emp_k": 8.921148304939269,
      "emp_cagr": 0.27715593153685814,
      "emp_dd": -0.19999994891080164,
      "emp_p95": -0.2734423846959655,
      "emp_p99": -0.32410913250612555,
      "rob": {
        "0": {
          "k": 6.189280700683593,
          "cagr": 0.1867539998486094
        },
        "1": {
          "k": 6.148316345214843,
          "cagr": 0.18543658665148555
        },
        "2": {
          "k": 6.275598449707031,
          "cagr": 0.18953362783982408
        },
        "3": {
          "k": 6.368012084960938,
          "cagr": 0.1925150500662831
        },
        "4": {
          "k": 6.253653259277344,
          "cagr": 0.18882647320480062
        }
      },
      "rob_cagr_mean": 0.18861314752220054,
      "rob_k_mean": 6.2469721679687495,
      "worst_year": 0.04487515999231517,
      "neg_years_emp": 0,
      "neg_years_rob0": 0,
      "is_rob_cagr": 0.15872899618399705,
      "oos_rob_cagr": 0.25101097080337587,
      "oos_rob_dd": -0.1160003868415378,
      "is_emp_cagr": 0.2666134518838974,
      "oos_emp_cagr": 0.4382274916387243,
      "oos_emp_dd": -0.18575898497382515,
      "gain_pp": 0.23586122319447234,
      "gain_per_seed_pp": {
        "0": 0.4392692285623667,
        "1": -0.247995598938755,
        "2": 0.9222041847720464,
        "3": 0.09542869298635459,
        "4": -0.029600391409645432
      },
      "all_seeds_pos": false,
      "signature": false,
      "g3_oos": 0.0,
      "g4_all_years_pos": true
    },
    "P4.5": {
      "label": "P4.5",
      "emp_k": 8.933846797943112,
      "emp_cagr": 0.28006930790761864,
      "emp_dd": -0.19999996012719623,
      "emp_p95": -0.2742504620381216,
      "emp_p99": -0.32511620643110056,
      "rob": {
        "0": {
          "k": 6.189768371582032,
          "cagr": 0.18821156276227735
        },
        "1": {
          "k": 6.3216833496093745,
          "cagr": 0.1925057207478309
        },
        "2": {
          "k": 6.129541015625,
          "cagr": 0.18625505125297037
        },
        "3": {
          "k": 6.409707946777344,
          "cagr": 0.19537790149349443
        },
        "4": {
          "k": 6.326803894042968,
          "cagr": 0.19267265213180984
        }
      },
      "rob_cagr_mean": 0.1910045776776766,
      "rob_k_mean": 6.275500915527344,
      "worst_year": 0.04854179714788964,
      "neg_years_emp": 0,
      "neg_years_rob0": 0,
      "is_rob_cagr": 0.15592034091141116,
      "oos_rob_cagr": 0.25188005259457236,
      "oos_rob_dd": -0.11260285227975397,
      "is_emp_cagr": 0.2588740543342707,
      "oos_emp_cagr": 0.43314774702999514,
      "oos_emp_dd": -0.17818202086935997,
      "gain_pp": 0.4750042387420772,
      "gain_per_seed_pp": {
        "0": 0.585025519929161,
        "1": 0.4589178106957803,
        "2": 0.5943465260866754,
        "3": 0.38171383570748674,
        "4": 0.35501750129127707
      },
      "all_seeds_pos": true,
      "signature": false,
      "g3_oos": 0.0,
      "g4_all_years_pos": true
    },
    "mp9": {
      "label": "mp9",
      "emp_k": 10.45680491447449,
      "emp_cagr": 0.29280343586207813,
      "emp_dd": -0.19999994134135868,
      "emp_p95": -0.28291549536872707,
      "emp_p99": -0.33453825218345656,
      "rob": {
        "0": {
          "k": 6.929321289062501,
          "cagr": 0.1873098099120003
        },
        "1": {
          "k": 7.019296569824219,
          "cagr": 0.18991312693561158
        },
        "2": {
          "k": 6.893233642578125,
          "cagr": 0.18626692991763094
        },
        "3": {
          "k": 7.2209484863281235,
          "cagr": 0.19576408490733477
        },
        "4": {
          "k": 7.11049102783203,
          "cagr": 0.19255633135088512
        }
      },
      "rob_cagr_mean": 0.19036205660469255,
      "rob_k_mean": 7.034658203125,
      "worst_year": 0.06743834518396086,
      "neg_years_emp": 0,
      "neg_years_rob0": 0,
      "is_rob_cagr": 0.15882230457032676,
      "oos_rob_cagr": 0.2546401343074729,
      "oos_rob_dd": -0.11609121210103246,
      "is_emp_cagr": 0.27105932260229704,
      "oos_emp_cagr": 0.4511508536789717,
      "oos_emp_dd": -0.1879152647507284,
      "gain_pp": 0.41075213144367295,
      "gain_per_seed_pp": {
        "0": 0.4948502349014561,
        "1": 0.19965842947384793,
        "2": 0.5955343925527323,
        "3": 0.42033217709152026,
        "4": 0.3433854231988054
      },
      "all_seeds_pos": true,
      "signature": true,
      "g3_oos": 1.0,
      "g4_all_years_pos": true
    },
    "mp10": {
      "label": "mp10",
      "emp_k": 11.431845726966856,
      "emp_cagr": 0.2904658684988153,
      "emp_dd": -0.19999996558067945,
      "emp_p95": -0.2773423115890236,
      "emp_p99": -0.328086360808906,
      "rob": {
        "0": {
          "k": 7.6783837890625,
          "cagr": 0.18851666212439766
        },
        "1": {
          "k": 7.873695983886719,
          "cagr": 0.19365809290993452
        },
        "2": {
          "k": 7.676920776367187,
          "cagr": 0.18847821632013817
        },
        "3": {
          "k": 8.044624633789063,
          "cagr": 0.19817219031828204
        },
        "4": {
          "k": 7.8680877685546875,
          "cagr": 0.1935102143219536
        }
      },
      "rob_cagr_mean": 0.19246707519894118,
      "rob_k_mean": 7.8283425903320305,
      "worst_year": 0.07675867322877283,
      "neg_years_emp": 0,
      "neg_years_rob0": 0,
      "is_rob_cagr": 0.1614464032951639,
      "oos_rob_cagr": 0.2591762201546095,
      "oos_rob_dd": -0.11688757154037133,
      "is_emp_cagr": 0.27368772951061615,
      "oos_emp_cagr": 0.456038069853538,
      "oos_emp_dd": -0.18791527338219627,
      "gain_pp": 0.6212539908685366,
      "gain_per_seed_pp": {
        "0": 0.6155354561411919,
        "1": 0.5741550269061424,
        "2": 0.8166630328034552,
        "3": 0.6611427181862473,
        "4": 0.43877372030565187
      },
      "all_seeds_pos": true,
      "signature": false,
      "g3_oos": 1.0,
      "g4_all_years_pos": true
    },
    "tau1.25": {
      "label": "tau1.25",
      "emp_k": 8.8335732793808,
      "emp_cagr": 0.2714872455981061,
      "emp_dd": -0.19999996079370264,