{
  "pool_diff": 0.05365577005262498,
  "k_emp0": 8.269261851310727,
  "k_emp1": 8.895088391304014,
  "oat": {
    "n_pos": 10,
    "mean_pp": 1.6432125517779195,
    "median_pp": 1.7899300608052449,
    "min_pp": 0.19801028159176504,
    "max_pp": 3.093284752235559,
    "base_diff_pp": 1.840002562660481
  },
  "fixedk": {
    "k_fixed": 8.269261851310727,
    "cagr_d0": 0.24643242987359737,
    "cagr_d1": 0.25390033842947024,
    "diff_pp": 0.7467908555872871,
    "dd_d0": -0.19999993655015524,
    "dd_d1": -0.18693518031754452,
    "dd_diff_pp": 1.306475623261072,
    "fbar_d0": 1.222839843393492,
    "fbar_d1": 1.2216460019087894,
    "p95_s0_d0": -0.2784085610965869,
    "p95_s1_d0": -0.2819426796278529,
    "p95_s2_d0": -0.2818276458802238,
    "p95_s0_d1": -0.25541709848157035,
    "p95_s1_d1": -0.2609066905439702,
    "p95_s2_d1": -0.2588936274668996,
    "yd_sum": 0.08199162254077197,
    "yd_pos_years": 7,
    "yd_n_years": 11,
    "yd_best_year": 2023,
    "yd_excl_best": 0.02233316480895242
  },
  "mae": {
    "cohorts": [
      {
        "pool": "d0",
        "cohort": "shallow",
        "n": 713,
        "sum_ret": 3.9637509255280623,
        "share_of_net": 2.076800722514268
      },
      {
        "pool": "d0",
        "cohort": "deep",
        "n": 501,
        "sum_ret": -2.0551658202949667,
        "share_of_net": -1.076800722514268
      },
      {
        "pool": "d1",
        "cohort": "shallow",
        "n": 740,
        "sum_ret": 3.9551870572195678,
        "share_of_net": 2.0156480822690317
      },
      {
        "pool": "d1",
        "cohort": "deep",
        "n": 467,
        "sum_ret": -1.9929461819338483,
        "share_of_net": -1.015648082269032
      }
    ],
    "migration": {
      "sh->sh": {
        "n": 673,
        "diff_sum": -0.226123817873637
      },
      "sh->dp": {
        "n": 33,
        "diff_sum": -0.06711269497475403
      },
      "dp->sh": {
        "n": 67,
        "diff_sum": 0.21358850562519704
      },
      "dp->dp": {
        "n": 434,
        "diff_sum": 0.19489910589503723
      }
    },
    "mae_q_d0": {
      "p5": -0.023162621563721564,
      "p25": -0.009030269051048367,
      "p50": -0.003687684673222502,
      "p75": -0.0006509804030221389
    },
    "mae_q_d1": {
      "p5": -0.022432627250618408,
      "p25": -0.008650739292769938,
      "p50": -0.0032683593834614832,
      "p75": -0.000578705463655238
    },
    "n_shallow_d0": 713,
    "n_shallow_d1": 740,
    "diff_total": 0.05365577005262498,
    "diff_by_bin": {
      "<=-2%": 0.1191120516149532,
      "-2..-1%": 0.10764158069410534,
      "-1..-0.5%": 0.18173397921117573,
      "-0.5..-0.25%": 0.10505868419476594,
      "-0.25..0%": -0.035984068906141586,
      "=0": -0.4239064567562337
    }
  },
  "era": [
    {
      "era": "2016-18",
      "log_growth": -0.022754038309233327,
      "share": -0.38106969353628944,
      "ann_pp": -0.8821111534823234,
      "n_bars": 4143
    },
    {
      "era": "2019-21",
      "log_growth": 0.005909850381030246,
      "share": 0.09897429383471931,
      "ann_pp": 0.19732436959782884,
      "n_bars": 4838
    },
    {
      "era": "2022-23",
      "log_growth": 0.034882327530525066,
      "share": 0.584186318104935,
      "ann_pp": 1.770416335458025,
      "n_bars": 3221
    },
    {
      "era": "2024-26",
      "log_growth": 0.04167765658555011,
      "share": 0.6979900273755593,
      "ann_pp": 1.7329899363461188,
      "n_bars": 3915
    }
  ],
  "seeds": {
    "n_signature": 0,
    "mean_diff_pp": 0.5845784621928174
  }
}