{
  "loss_concentration": {
    "worst_1pct": 0.1802665791761257,
    "worst_5pct": 0.5066576097805484,
    "worst_10pct": 0.7365602607902754
  },
  "bleed_share_median_worst10": 0.1258690084156625,
  "vol_expand_table": {
    "n": {
      "<1.25x": 677,
      "1.25-1.75x": 402,
      "1.75-2.5x": 104,
      "2.5-4x": 19,
      ">4x": 5
    },
    "mean_bps": {
      "<1.25x": 24.661634794969693,
      "1.25-1.75x": 14.360493358115136,
      "1.75-2.5x": -14.199892290265733,
      "2.5-4x": -50.35777983810196,
      ">4x": -82.63206018965464
    },
    "sum": {
      "<1.25x": 1.6695926756194484,
      "1.25-1.75x": 0.5772918329962284,
      "1.75-2.5x": -0.14767887981876363,
      "2.5-4x": -0.09567978169239373,
      ">4x": -0.041316030094827316
    },
    "win": {
      "<1.25x": 0.793205317577548,
      "1.25-1.75x": 0.6666666666666666,
      "1.75-2.5x": 0.5096153846153846,
      "2.5-4x": 0.2631578947368421,
      ">4x": 0.4
    },
    "loss_sum": {
      "<1.25x": -0.8332954232690424,
      "1.25-1.75x": -1.0058639245618424,
      "1.75-2.5x": -0.4684974335653447,
      "2.5-4x": -0.18452817014525982,
      ">4x": -0.06663056826760533
    }
  },
  "weekend_table": {
    "n": {
      "0": 484,
      "1": 582,
      "2-3": 137,
      "4+": 4
    },
    "mean_bps": {
      "0": 60.29501908246835,
      "1": 9.878249808575761,
      "2-3": -102.94113435497805,
      "4+": -301.7242619442149
    },
    "sum": {
      "0": 2.918278923591468,
      "1": 0.5749141388591094,
      "2-3": -1.4102935406631993,
      "4+": -0.12068970477768595
    },
    "win": {
      "0": 0.9793388429752066,
      "1": 0.6426116838487973,
      "2-3": 0.12408759124087591,
      "4+": 0.0
    },
    "loss_sum": {
      "0": -0.017436452298591552,
      "1": -0.9872238162471869,
      "2-3": -1.4334655464856303,
      "4+": -0.12068970477768595
    }
  },
  "events": [
    {
      "event": "GBP_flash_2016",
      "n": 6,
      "sum": -0.03687906909172859,
      "mean_bps": -61.46511515288098,
      "win": 0.5,
      "worst": -0.031451042107385606
    },
    {
      "event": "JPY_flash_2019",
      "n": 3,
      "sum": -0.004512615956582899,
      "mean_bps": -15.042053188609662,
      "win": 0.3333333333333333,
      "worst": -0.006277515082341285
    },
    {
      "event": "COVID_2020",
      "n": 9,
      "sum": 0.10724106369273918,
      "mean_bps": 119.15673743637687,
      "win": 0.6666666666666666,
      "worst": -0.015902882313618295
    },
    {
      "event": "UKR_invasion_2022",
      "n": 17,
      "sum": -0.06643432930040044,
      "mean_bps": -39.07901723552967,
      "win": 0.5294117647058824,
      "worst": -0.04957879163018182
    },
    {
      "event": "JPY_intervention_2022",
      "n": 18,
      "sum": 0.07488508990773116,
      "mean_bps": 41.60282772651731,
      "win": 0.5555555555555556,
      "worst": -0.010161167746286169
    },
    {
      "event": "SVB_2023",
      "n": 6,
      "sum": 0.015563002752999367,
      "mean_bps": 25.938337921665614,
      "win": 0.6666666666666666,
      "worst": -0.008330789424884626
    },
    {
      "event": "JPY_carry_unwind_2024",
      "n": 1,
      "sum": -0.009683622544755174,
      "mean_bps": -96.83622544755174,
      "win": 0.0,
      "worst": -0.009683622544755174
    }
  ]
}