{
  "results": {
    "base": {
      "label": "base",
      "emp_k": 8.89479883670807,
      "emp_cagr": 0.27414976235031796,
      "emp_dd": -0.19999999928410284,
      "emp_p95": -0.2728839891914875,
      "emp_p99": -0.3259823304131532,
      "rob": {
        "0": {
          "k": 6.083699951171874,
          "cagr": 0.18182788740243994
        },
        "1": {
          "k": 6.256823120117187,
          "cagr": 0.18735778520259116
        },
        "2": {
          "k": 6.019327392578124,
          "cagr": 0.17977685346069183
        },
        "3": {
          "k": 6.370450439453125,
          "cagr": 0.19099826683985555
        },
        "4": {
          "k": 6.294617614746093,
          "cagr": 0.188567706615844
        }
      },
      "rob_cagr_mean": 0.18570569990428448,
      "rob_k_mean": 6.204983703613282,
      "worst_year": 0.05207689463833454,
      "neg_years_emp": 0,
      "neg_years_rob0": 0,
      "is_rob_cagr": 0.15536610254819716,
      "oos_rob_cagr": 0.24655925861490346,
      "oos_rob_dd": -0.11496688777702102,
      "oos_emp_cagr": 0.4409057601939299
    },
    "gbr_half": {
      "label": "gbr_half",
      "emp_k": 7.72117691040039,
      "emp_cagr": 0.2452240678381179,
      "emp_dd": -0.19999995015786498,
      "emp_p95": -0.2625319761630355,
      "emp_p99": -0.31577250186030065,
      "rob": {
        "0": {
          "k": 5.6287030029296865,
          "cagr": 0.17466512633287645
        }
      },
      "rob_cagr_mean": 0.17466512633287645,
      "rob_k_mean": 5.6287030029296865,
      "worst_year": 0.014472280472829224,
      "neg_years_emp": 0,
      "neg_years_rob0": 0,
      "is_rob_cagr": 0.12654810146863826,
      "oos_rob_cagr": 0.23764283511945927,
      "oos_rob_dd": -0.12056728918606929,
      "oos_emp_cagr": 0.4286930667668576
    },
    "gbr_quint": {
      "label": "gbr_quint",
      "emp_k": 8.0325128698349,
      "emp_cagr": 0.26749744466420977,
      "emp_dd": -0.19999992736119665,
      "emp_p95": -0.27212882899554364,
      "emp_p99": -0.32217900149900813,
      "rob": {
        "0": {
          "k": 5.63382354736328,
          "cagr": 0.1824908546881001
        },
        "1": {
          "k": 5.498738708496093,
          "cagr": 0.1778364069506415
        },
        "2": {
          "k": 5.593346862792966,
          "cagr": 0.18109472915048452
        },
        "3": {
          "k": 5.671130371093749,
          "cagr": 0.18377876095162482
        },
        "4": {
          "k": 5.675519409179687,
          "cagr": 0.18393034973080624
        }
      },
      "rob_cagr_mean": 0.18182622029433143,
      "rob_k_mean": 5.614511779785156,
      "worst_year": 0.03777014224567177,
      "neg_years_emp": 0,
      "neg_years_rob0": 0,
      "is_rob_cagr": 0.13638463886196117,
      "oos_rob_cagr": 0.26454912468343217,
      "oos_rob_dd": -0.12397678775580534,
      "oos_emp_cagr": 0.5061513634615815
    },
    "ridge_half": {
      "label": "ridge_half",
      "emp_k": 7.722674212455749,
      "emp_cagr": 0.26040847555413005,
      "emp_dd": -0.19999991496442926,
      "emp_p95": -0.2665595811520115,
      "emp_p99": -0.30982902055573536,
      "rob": {
        "0": {
          "k": 5.570182495117186,
          "cagr": 0.18302185138580773
        },
        "1": {
          "k": 5.68649200439453,
          "cagr": 0.18710577674910733
        },
        "2": {
          "k": 5.5250729370117195,
          "cagr": 0.18144090917763656
        },
        "3": {
          "k": 5.70794952392578,
          "cagr": 0.18786041222877303
        },
        "4": {
          "k": 5.771102905273436,
          "cagr": 0.19008362540018897
        }
      },
      "rob_cagr_mean": 0.18590251498830274,
      "rob_k_mean": 5.6521599731445304,
      "worst_year": 0.037943976312766026,
      "neg_years_emp": 0,
      "neg_years_rob0": 0,
      "is_rob_cagr": 0.1539814033274456,
      "oos_rob_cagr": 0.26972913233439755,
      "oos_rob_dd": -0.13111578665742585,
      "oos_emp_cagr": 0.44284777671886166
    },
    "ridge_quint": {
      "label": "ridge_quint",
      "emp_k": 7.552191324234009,
      "emp_cagr": 0.26214448676424706,
      "emp_dd": -0.1999999538631917,
      "emp_p95": -0.26678030526411683,
      "emp_p99": -0.31465092261618344,
      "rob": {
        "0": {
          "k": 5.4546044921875,
          "cagr": 0.18455527604641686
        },
        "1": {
          "k": 5.440949707031251,
          "cagr": 0.18406255991419584
        },
        "2": {
          "k": 5.317325134277345,
          "cagr": 0.17960892422206864
        },
        "3": {
          "k": 5.409494934082032,
          "cagr": 0.1829281557761051
        },
        "4": {
          "k": 5.524097595214844,
          "cagr": 0.18706530478292271
        }
      },
      "rob_cagr_mean": 0.18364404414834185,
      "rob_k_mean": 5.429294372558595,
      "worst_year": 0.004443000638014505,
      "neg_years_emp": 0,
      "neg_years_rob0": 0,
      "is_rob_cagr": 0.13946074936368902,
      "oos_rob_cagr": 0.26788664381864025,
      "oos_rob_dd": -0.12341608013385164,
      "oos_emp_cagr": 0.41956515533126404
    }
  }
}