{
  "base": {
    "rob_mean": 0.18570569990428448,
    "rob": {
      "0": 0.18182788740243994,
      "1": 0.18735778520259116,
      "2": 0.17977685346069183,
      "3": 0.19099826683985555,
      "4": 0.188567706615844
    },
    "emp_k": 8.89479883670807,
    "emp_cagr": 0.27414976235031796,
    "emp_p95": -0.2728839891914875,
    "is_rob": 0.15536610254819716,
    "oos_rob": 0.24655925861490346,
    "oos_emp": 0.4409057601939299
  },
  "0.001": {
    "pool": {
      "n": 864,
      "sum": 1.163263097499015,
      "mean_bps": 13.463693258090451,
      "win": 0.7372685185185185,
      "is": 0.6308804422792215,
      "oos": 0.5323826552197937,
      "best_year": 2017,
      "keep_excl_best": 0.8218146061076151
    },
    "rob_mean": 0.18040105705312354,
    "gain_pp": -0.5304642851160946,
    "rob": {
      "0": 0.1781464659930403,
      "1": 0.17641484253455997,
      "2": 0.17950665396023524,
      "3": 0.18376335918781161,
      "4": 0.18417396358997062
    },
    "per_seed_pp": {
      "0": -0.36814214093996434,
      "1": -1.0942942668031197,
      "2": -0.027019950045659158,
      "3": -0.7234907652043931,
      "4": -0.43937430258733645
    },
    "all_seeds_pos": false,
    "emp_k": 4.968629012107848,
    "emp_cagr": 0.2349642427272307,
    "emp_p95": -0.2471050403536005,
    "is_rob": 0.17212581751987366,
    "oos_rob": 0.242602197660454,
    "oos_emp": 0.3842043332324905,
    "g3_raw_both": false
  },
  "0.002": {
    "pool": {
      "n": 655,
      "sum": 0.9077843113372276,
      "mean_bps": 13.859302463163779,
      "win": 0.7480916030534351,
      "is": 0.47714981525852024,
      "oos": 0.43063449607870735,
      "best_year": 2020,
      "keep_excl_best": 0.8556356693225202
    },
    "rob_mean": 0.1938366703821613,
    "gain_pp": 0.8130970477876809,
    "rob": {
      "0": 0.1893615346369102,
      "1": 0.19530783949551167,
      "2": 0.19072291984379453,
      "3": 0.19980277850104833,
      "4": 0.1939882794335417
    },
    "per_seed_pp": {
      "0": 0.7533647234470253,
      "1": 0.7950054292920505,
      "2": 1.0946066383102693,
      "3": 0.8804511661192782,
      "4": 0.54205728176977
    },
    "all_seeds_pos": true,
    "emp_k": 5.841925673484801,
    "emp_cagr": 0.26270444295945317,
    "emp_p95": -0.2550187973087221,
    "is_rob": 0.17157558221846814,
    "oos_rob": 0.24956532363584727,
    "oos_emp": 0.41431802667527595,
    "g3_raw_both": false
  },
  "is_argmax_extended": {
    "values": {
      "base": 0.15536610254819716,
      "0.001": 0.17212581751987366,
      "0.002": 0.17157558221846814,
      "0.003": 0.16607976266029212,
      "0.005": 0.16245591177346808,
      "0.0075": 0.1573447166505888,
      "0.01": 0.15712584844311794
    },
    "argmax": "0.001"
  }
}