{
  "pool": [
    {
      "theta": 0.003,
      "n": 452,
      "sum": 0.6700159111209637,
      "mean_bps": 14.823360865508047,
      "win": 0.7566371681415929,
      "is": 0.35014289134650467,
      "oos": 0.3198730197744589,
      "best_year": 2022,
      "keep_excl_best": 0.8186039823492045,
      "neg_years_pool": 1
    },
    {
      "theta": 0.005,
      "n": 220,
      "sum": 0.3591248714666244,
      "mean_bps": 16.323857793937474,
      "win": 0.7909090909090909,
      "is": 0.1764467938155688,
      "oos": 0.18267807765105568,
      "best_year": 2020,
      "keep_excl_best": 0.7339266878942912,
      "neg_years_pool": 1
    },
    {
      "theta": 0.0075,
      "n": 66,
      "sum": 0.16599156883746033,
      "mean_bps": 25.150237702645505,
      "win": 0.7727272727272727,
      "is": 0.07184275147191761,
      "oos": 0.09414881736554272,
      "best_year": 2020,
      "keep_excl_best": 0.5181369097907101,
      "neg_years_pool": 2
    },
    {
      "theta": 0.01,
      "n": 14,
      "sum": 0.10180991989544703,
      "mean_bps": 72.72137135389073,
      "win": 0.8571428571428571,
      "is": 0.06823418008258515,
      "oos": 0.03357573981286189,
      "best_year": 2020,
      "keep_excl_best": 0.2659849528098245,
      "neg_years_pool": 1
    }
  ],
  "is_argmax_rob": "0.003",
  "results": {
    "base": {
      "label": "base",
      "emp_k": 8.89479883670807,
      "emp_cagr": 0.27414976235031796,
      "emp_dd": -0.19999999928410284,
      "emp_p95": -0.2728839891914875,
      "emp_p99": -0.3259823304131532,
      "rob": {
        "0": {
          "k": 6.083699951171874,
          "cagr": 0.18182788740243994
        },
        "1": {
          "k": 6.256823120117187,
          "cagr": 0.18735778520259116
        },
        "2": {
          "k": 6.019327392578124,
          "cagr": 0.17977685346069183
        },
        "3": {
          "k": 6.370450439453125,
          "cagr": 0.19099826683985555
        },
        "4": {
          "k": 6.294617614746093,
          "cagr": 0.188567706615844
        }
      },
      "rob_cagr_mean": 0.18570569990428448,
      "rob_k_mean": 6.204983703613282,
      "neg_years_emp": 0,
      "worst_year": 0.05207689463833454,
      "neg_years_rob0": 0,
      "is_rob_cagr": 0.15536610254819716,
      "oos_rob_cagr": 0.24655925861490346,
      "oos_rob_dd": -0.11496688777702102,
      "is_emp_cagr": 0.26771891074524823,
      "oos_emp_cagr": 0.4409057601939299,
      "oos_emp_dd": -0.1879162496245963
    },
    "0.003": {
      "label": "pyr0.300%",
      "emp_k": 6.443425817489624,
      "emp_cagr": 0.2646157123611286,
      "emp_dd": -0.19999995214220334,
      "emp_p95": -0.255380028700702,
      "emp_p99": -0.3036663307008316,
      "rob": {
        "0": {
          "k": 4.8325802612304685,
          "cagr": 0.1938882522614429
        },
        "1": {
          "k": 4.75430908203125,
          "cagr": 0.1905314095017634
        },
        "2": {
          "k": 4.7877145385742175,
          "cagr": 0.1919631841531415
        },
        "3": {
          "k": 4.911826782226562,
          "cagr": 0.1972943971976744
        },
        "4": {
          "k": 4.787470703124999,
          "cagr": 0.1919527284052951
        }
      },
      "rob_cagr_mean": 0.19312599430386346,
      "rob_k_mean": 4.8147802734375,
      "neg_years_emp": 0,
      "worst_year": 0.05189310885269505,
      "neg_years_rob0": 0,
      "is_rob_cagr": 0.16607976266029212,
      "oos_rob_cagr": 0.25336622822963784,
      "oos_rob_dd": -0.12122548438878533,
      "is_emp_cagr": 0.2747463495294935,
      "oos_emp_cagr": 0.4329899696346893,
      "oos_emp_dd": -0.19052593812948404,
      "gates": {
        "gain_pp": 0.7420294399578975,
        "all_seeds_pos": true,
        "per_seed": {
          "0": 1.206036485900297,
          "1": 0.31736242991722285,
          "2": 1.2186330692449676,
          "3": 0.6296130357818841,
          "4": 0.33850217894511037
        },
        "signature": false,
        "g3_oos_raw_both": false,
        "g4_years": true,
        "g5_emp_keep": NaN,
        "g5_rob0_keep": 0.7781977075819706,
        "g5_excl2022_emp": -0.08656998146493566,
        "sig_seeds": 0.0
      }
    },
    "0.005": {
      "label": "pyr0.500%",
      "emp_k": 7.197151670455931,
      "emp_cagr": 0.25656697977138543,
      "emp_dd": -0.1999999521929957,
      "emp_p95": -0.253364893289047,
      "emp_p99": -0.30387007538259875,
      "rob": {
        "0": {
          "k": 5.376333312988281,
          "cagr": 0.18729200947678093
        },
        "1": {
          "k": 5.4070565795898435,
          "cagr": 0.18843570693412293
        },
        "2": {
          "k": 5.305864868164063,
          "cagr": 0.1846720045158623
        },
        "3": {
          "k": 5.550431823730468,
          "cagr": 0.19378430867769958
        },
        "4": {
          "k": 5.482157897949218,
          "cagr": 0.19123502341267895
        }
      },
      "rob_cagr_mean": 0.18908381060342894,
      "rob_k_mean": 5.424368896484375,
      "neg_years_emp": 0,
      "worst_year": 0.05176260917739817,
      "neg_years_rob0": 0,
      "is_rob_cagr": 0.16245591177346808,
      "oos_rob_cagr": 0.2505299610480505,
      "oos_rob_dd": -0.12446411358037568,
      "is_emp_cagr": 0.2763958882763433,
      "oos_emp_cagr": 0.44152939861504503,
      "oos_emp_dd": -0.19975419318855492,
      "gates": {
        "gain_pp": 0.3378110699144454,
        "all_seeds_pos": true,
        "per_seed": {
          "0": 0.5464122074340994,
          "1": 0.10779217315317613,
          "2": 0.4895151055170466,
          "3": 0.2786041837844033,
          "4": 0.2667316796834962
        },
        "signature": false,
        "g3_oos_raw_both": true,
        "g4_years": true,
        "g5_emp_keep": NaN,
        "g5_rob0_keep": 0.5825134656878249,
        "g5_excl2022_emp": -0.135960965807278,
        "sig_seeds": 0.0
      }
    },
    "0.0075": {
      "label": "pyr0.750%",
      "emp_k": 8.409410085678099,
      "emp_cagr": 0.273899032004123,
      "emp_dd": -0.19999995667655812,
      "emp_p95": -0.26801853255328634,
      "emp_p99": -0.320061836327675,
      "rob": {
        "0": {
          "k": 5.858639831542968,
          "cagr": 0.18529588148688458
        },
        "1": {
          "k": 5.995919189453125,
          "cagr": 0.1899385129176936
        },
        "2": {
          "k": 5.788171386718749,
          "cagr": 0.18291821617371462
        },
        "3": {
          "k": 6.136124572753905,
          "cagr": 0.19469473104353918
        },
        "4": {
          "k": 6.020058898925781,
          "cagr": 0.19075635509426547
        }
      },
      "rob_cagr_mean": 0.18872073934321948,
      "rob_k_mean": 5.959782775878905,
      "neg_years_emp": 0,
      "worst_year": 0.05214581979005728,
      "neg_years_rob0": 0,
      "is_rob_cagr": 0.1573447166505888,
      "oos_rob_cagr": 0.24767278554904948,
      "oos_rob_dd": -0.11405968562882984,
      "is_emp_cagr": 0.27350971794647005,
      "oos_emp_cagr": 0.4473173587374879,
      "oos_emp_dd": -0.18791624599485524,
      "gates": {
        "gain_pp": 0.30150394389349966,
        "all_seeds_pos": true,
        "per_seed": {
          "0": 0.3467994084444648,
          "1": 0.25807277151024266,
          "2": 0.31413627130227884,
          "3": 0.3696464203683636,
          "4": 0.21886484784214844
        },
        "signature": false,
        "g3_oos_raw_both": true,
        "g4_years": true,
        "g5_emp_keep": NaN,
        "g5_rob0_keep": 0.42678036222381377,
        "g5_excl2022_emp": 0.00043361375720785134,
        "sig_seeds": 0.0
      }
    },
    "0.01": {
      "label": "pyr1.000%",
      "emp_k": 8.867668333053588,
      "emp_cagr": 0.28040687888201,
      "emp_dd": -0.19999996676367504,
      "emp_p95": -0.2735545631015144,
      "emp_p99": -0.3284745918264332,
      "rob": {
        "0": {
          "k": 6.0363958740234365,
          "cagr": 0.18494373481236304
        },