{
  "pool_stage": [
    {
      "cfg": "gbr_q10",
      "n_veto": 83,
      "veto_rate": 0.09191583610188261,
      "veto_mean_ret_bps": 2.5400306414307448,
      "veto_sum_ret": 0.021082254323875182,
      "kept_mean_ret_bps": 17.80611265809194,
      "veto_win": 0.6024096385542169
    },
    {
      "cfg": "gbr_q20",
      "n_veto": 174,
      "veto_rate": 0.19269102990033224,
      "veto_mean_ret_bps": 7.034192169361318,
      "veto_sum_ret": 0.12239494374688692,
      "kept_mean_ret_bps": 18.639074739924926,
      "veto_win": 0.6494252873563219
    },
    {
      "cfg": "ridge_q10",
      "n_veto": 113,
      "veto_rate": 0.12513842746400886,
      "veto_mean_ret_bps": 3.320152606301206,
      "veto_sum_ret": 0.037517724451203625,
      "kept_mean_ret_bps": 18.274250225774814,
      "veto_win": 0.6371681415929203
    },
    {
      "cfg": "ridge_q20",
      "n_veto": 201,
      "veto_rate": 0.22259136212624583,
      "veto_mean_ret_bps": 5.787993642392966,
      "veto_sum_ret": 0.1163386722120986,
      "kept_mean_ret_bps": 19.442233904206773,
      "veto_win": 0.6666666666666666
    }
  ],
  "results": {
    "base": {
      "label": "base",
      "emp_k": 8.89479883670807,
      "emp_cagr": 0.27414976235031796,
      "emp_dd": -0.19999999928410284,
      "emp_p95": -0.2728839891914875,
      "emp_p99": -0.3259823304131532,
      "rob": {
        "0": {
          "k": 6.083699951171874,
          "cagr": 0.18182788740243994
        }
      },
      "rob_cagr_mean": 0.18182788740243994,
      "rob_k_mean": 6.083699951171874,
      "worst_year": 0.05207689463833454,
      "neg_years_emp": 0,
      "neg_years_rob0": 0,
      "is_rob_cagr": 0.15536610254819716,
      "oos_rob_cagr": 0.24655925861490346,
      "oos_emp_cagr": 0.4409057601939299
    }
  }
}