{
  "verification": {
    "n_pool": 1207,
    "sum_ret": 1.9622098170096924,
    "n_wins": 865,
    "h5_gross_bps": 4.4433379447688175,
    "exp70_target": 4.4433
  },
  "main_after_win": {
    "h1": {
      "n": 865,
      "gross_bps": 1.2920635997023473,
      "net_bps": -0.8811540972876168,
      "t_net": -1.15772631862217,
      "net_median_bps": -1.174496644295198,
      "net_win_rate": 0.4635838150289017
    },
    "h2": {
      "n": 865,
      "gross_bps": 1.728085332530852,
      "net_bps": -0.44524142040936904,
      "t_net": -0.477283663788447,
      "net_median_bps": -1.521637557706175,
      "net_win_rate": 0.4624277456647399
    },
    "h3": {
      "n": 865,
      "gross_bps": 3.350607486572873,
      "net_bps": 1.1773376330821066,
      "t_net": 1.0159493759977452,
      "net_median_bps": -0.09107199877403371,
      "net_win_rate": 0.4982658959537572
    },
    "h5": {
      "n": 865,
      "gross_bps": 4.4433379447688175,
      "net_bps": 2.270095634363398,
      "t_net": 1.5119607723636812,
      "net_median_bps": 0.9838791254972314,
      "net_win_rate": 0.5109826589595375
    },
    "h8": {
      "n": 865,
      "gross_bps": 3.779638836609433,
      "net_bps": 1.606403782270099,
      "t_net": 0.854162949866118,
      "net_median_bps": -0.07050057549823395,
      "net_win_rate": 0.49942196531791905
    },
    "h10": {
      "n": 864,
      "gross_bps": 3.7640983631880505,
      "net_bps": 1.5899071901841022,
      "t_net": 0.7929609686341961,
      "net_median_bps": 0.6039745707562891,
      "net_win_rate": 0.5034722222222222
    },
    "h15": {
      "n": 863,
      "gross_bps": 5.089686155359436,
      "net_bps": 2.9163602640974498,
      "t_net": 1.2326812731573402,
      "net_median_bps": -0.053201125684491736,
      "net_win_rate": 0.49942062572421786
    }
  },
  "cost_bps_h5": {
    "mean": 2.17324231040542,
    "median": 2.0901633718300006,
    "p10": 0.6617611086464539,
    "p90": 3.4968222161412577
  },
  "control_after_loss": {
    "h1": {
      "n": 342,
      "gross_bps": 0.2786731256883226,
      "net_bps": -1.7348386958178024,
      "t_net": -1.5181250664976442,
      "net_median_bps": -1.1330836959196735,
      "net_win_rate": 0.4649122807017544
    },
    "h2": {
      "n": 342,
      "gross_bps": -0.3326068008289598,
      "net_bps": -2.346056278289153,
      "t_net": -1.618521549042261,
      "net_median_bps": -1.0013749246022452,
      "net_win_rate": 0.4824561403508772
    },
    "h3": {
      "n": 342,
      "gross_bps": -0.4247657430234237,
      "net_bps": -2.4383141662129213,
      "t_net": -1.326488929020043,
      "net_median_bps": 0.030048115773491285,
      "net_win_rate": 0.5
    },
    "h5": {
      "n": 342,
      "gross_bps": -0.2884995752779882,
      "net_bps": -2.302102231174592,
      "t_net": -0.9012557513980455,
      "net_median_bps": -1.4854352917467508,
      "net_win_rate": 0.4824561403508772
    },
    "h8": {
      "n": 342,
      "gross_bps": 4.13536504640199,
      "net_bps": 2.121659972735176,
      "t_net": 0.7033777161893042,
      "net_median_bps": 1.036446644516638,
      "net_win_rate": 0.5146198830409356
    },
    "h10": {
      "n": 342,
      "gross_bps": 2.0317081565760358,
      "net_bps": 0.018301836888705385,
      "t_net": 0.0055329230317987185,
      "net_median_bps": 1.3096973440795767,
      "net_win_rate": 0.5116959064327485
    },
    "h15": {
      "n": 342,
      "gross_bps": 0.6626216736432498,
      "net_bps": -1.3506025666956543,
      "t_net": -0.3181154244973519,
      "net_median_bps": -8.845209209060389,
      "net_win_rate": 0.4473684210526316
    }
  },
  "control_all_exits": {
    "h1": {
      "n": 1207,
      "gross_bps": 1.0049223054912484,
      "net_bps": -1.123043188171895,
      "t_net": -1.7709031169894536,
      "net_median_bps": -1.1713024542530255,
      "net_win_rate": 0.463960231980116
    },
    "h2": {
      "n": 1207,
      "gross_bps": 1.1441941066741363,
      "net_bps": -0.9838318772402606,
      "t_net": -1.2537824044795072,
      "net_median_bps": -1.2563304215566158,
      "net_win_rate": 0.46810273405136704
    },
    "h3": {
      "n": 1207,
      "gross_bps": 2.2808662732158447,
      "net_bps": 0.15285303046495677,
      "t_net": 0.1558098837116821,
      "net_median_bps": -0.08481658550172472,
      "net_win_rate": 0.4987572493786247
    },
    "h5": {
      "n": 1207,
      "gross_bps": 3.102585308599797,
      "net_bps": 0.974576437997207,
      "t_net": 0.7510867325169595,
      "net_median_bps": 0.22170169798785289,
      "net_win_rate": 0.5028997514498758
    },
    "h8": {
      "n": 1207,
      "gross_bps": 3.880432841372527,
      "net_bps": 1.7524001510679907,
      "t_net": 1.0984846007719158,
      "net_median_bps": 0.2588997921807259,
      "net_win_rate": 0.503728251864126
    },
    "h10": {
      "n": 1206,
      "gross_bps": 3.2728235284771814,
      "net_bps": 1.1442280601451091,
      "t_net": 0.6671966246281925,
      "net_median_bps": 0.95747487276612,
      "net_win_rate": 0.5058043117744611
    },
    "h15": {
      "n": 1205,
      "gross_bps": 3.8332081032872902,
      "net_bps": 1.705321850710528,
      "t_net": 0.8202793640003505,
      "net_median_bps": -2.5733640521103847,
      "net_win_rate": 0.4846473029045643
    }
  },
  "sens_no_rollover": {
    "h1": {
      "n": 779,
      "gross_bps": 1.4082018298445655,
      "net_bps": -0.7372561732273951,
      "t_net": -0.9309752695619155,
      "net_median_bps": -1.2813794719379286,
      "net_win_rate": 0.45314505776636715
    },
    "h2": {
      "n": 779,
      "gross_bps": 2.0139269539668083,
      "net_bps": -0.1316517627661562,
      "t_net": -0.13788881471799067,
      "net_median_bps": -1.521637557706175,
      "net_win_rate": 0.4621309370988447
    },
    "h3": {
      "n": 779,
      "gross_bps": 3.934874949699115,
      "net_bps": 1.7893141188349888,
      "t_net": 1.5483907888025752,
      "net_median_bps": 0.04368226282241679,
      "net_win_rate": 0.5019255455712451
    },
    "h5": {
      "n": 779,
      "gross_bps": 4.905110066648838,
      "net_bps": 2.759622464290651,
      "t_net": 1.8399502987572807,
      "net_median_bps": 1.3282368312882253,
      "net_win_rate": 0.5173299101412067
    },
    "h8": {
      "n": 779,
      "gross_bps": 4.216587076778194,
      "net_bps": 2.071111407380491,
      "t_net": 1.0526161713080957,
      "net_median_bps": -0.20313749126900535,
      "net_win_rate": 0.496790757381258
    },
    "h10": {
      "n": 778,
      "gross_bps": 4.509697514769764,
      "net_bps": 2.3631711601620196,
      "t_net": 1.1380398332991395,
      "net_median_bps": 0.6039745707562891,
      "net_win_rate": 0.5038560411311054
    },
    "h15": {
      "n": 777,
      "gross_bps": 5.572907075779229,
      "net_bps": 3.4273805332920197,
      "t_net": 1.3642651959525307,
      "net_median_bps": 0.22928361326904778,
      "net_win_rate": 0.5006435006435006
    }
  },
  "sens_no_rollover_excluded_n": 86,
  "sens_no_weekend": {
    "h1": {
      "n": 856,
      "gross_bps": 1.3060192334041534,
      "net_bps": -0.861782438351095,
      "t_net": -1.1250317490959563,
      "net_median_bps": -1.2030796355707352,
      "net_win_rate": 0.4614485981308411
    },
    "h2": {
      "n": 829,
      "gross_bps": 1.6142349506014277,
      "net_bps": -0.5704315222431732,
      "t_net": -0.5907909164099718,
      "net_median_bps": -1.7695481387993512,
      "net_win_rate": 0.4571773220747889
    },
    "h3": {
      "n": 762,
      "gross_bps": 2.858009724351063,
      "net_bps": 0.6587660364603249,
      "t_net": 0.5360121087547208,
      "net_median_bps": -0.10015394682018694,
      "net_win_rate": 0.49868766404199477
    },
    "h5": {
      "n": 710,
      "gross_bps": 2.342780185220232,
      "net_bps": 0.1472745220385896,
      "t_net": 0.09154223896510867,
      "net_median_bps": -0.16015502276215055,
      "net_win_rate": 0.4943661971830986
    },
    "h8": {
      "n": 650,
      "gross_bps": 2.82969826980969,