{
  "maxcell": {
    "obs": 0.08356717728558882,
    "p": 0.1685
  },
  "halves": {
    "2016-2020": {
      "n_5of5": 102,
      "wr_5of5": 0.6764705882352942,
      "wr_rest": 0.7030878859857482,
      "delta": -0.026617297750454072,
      "mr_5of5_bps": 8.920591940287578,
      "mr_rest_bps": 15.774146546838445
    },
    "2021-2026": {
      "n_5of5": 175,
      "wr_5of5": 0.84,
      "wr_rest": 0.6904761904761905,
      "delta": 0.1495238095238095,
      "mr_5of5_bps": 38.13906745685356,
      "mr_rest_bps": 10.273620928946247
    }
  },
  "streak_len_sensitivity": {
    "k3": {
      "n_streak": 510,
      "wr_streak": 0.7274509803921568,
      "wr_rest": 0.7070707070707071,
      "delta": 0.02038027332144976,
      "naive_z": 0.7744259449232949
    },
    "k4": {
      "n_streak": 354,
      "wr_streak": 0.751412429378531,
      "wr_rest": 0.7008244994110718,
      "delta": 0.0505879299674592,
      "naive_z": 1.7726401007542436
    },
    "k5": {
      "n_streak": 277,
      "wr_streak": 0.779783393501805,
      "wr_rest": 0.6962162162162162,
      "delta": 0.08356717728558882,
      "naive_z": 2.704185246231613
    },
    "k6": {
      "n_streak": 191,
      "wr_streak": 0.7801047120418848,
      "wr_rest": 0.7029702970297029,
      "delta": 0.07713441501218188,
      "naive_z": 2.1661445255049703
    },
    "k7": {
      "n_streak": 157,
      "wr_streak": 0.7961783439490446,
      "wr_rest": 0.7027804410354745,
      "delta": 0.09339790291357009,
      "naive_z": 2.4169242072613577
    }
  }
}